id,alcohol,cigarette,marijuana,sex
101,yes,yes,No/Low,Female
102,yes,yes,No/Low,Female
103,yes,yes,No/Low,Female
104,yes,yes,No/Low,Female
105,yes,yes,No/Low,Female
106,yes,yes,No/Low,Female
107,yes,yes,No/Low,Female
108,yes,yes,No/Low,Female
109,yes,yes,No/Low,Female
110,yes,yes,No/Low,Female
111,yes,yes,No/Low,Female
112,yes,yes,No/Low,Female
113,yes,yes,No/Low,Female
114,yes,yes,No/Low,Female
115,yes,yes,No/Low,Female
116,yes,yes,No/Low,Female
117,yes,yes,No/Low,Female
118,yes,yes,No/Low,Female
119,yes,yes,No/Low,Female
120,yes,yes,No/Low,Female
121,yes,yes,No/Low,Female
122,yes,yes,No/Low,Female
123,yes,yes,No/Low,Female
124,yes,yes,No/Low,Female
125,yes,yes,No/Low,Female
126,yes,yes,No/Low,Female
127,yes,yes,No/Low,Female
128,yes,yes,No/Low,Female
129,yes,yes,No/Low,Female
130,yes,yes,No/Low,Female
131,yes,yes,No/Low,Female
132,yes,yes,No/Low,Female
133,yes,yes,No/Low,Female
134,yes,yes,No/Low,Female
135,yes,yes,No/Low,Female
136,yes,yes,No/Low,Female
137,yes,yes,No/Low,Female
138,yes,yes,No/Low,Female
139,yes,yes,No/Low,Female
140,yes,yes,No/Low,Female
141,yes,yes,No/Low,Female
142,yes,yes,No/Low,Female
143,yes,yes,No/Low,Female
144,yes,yes,No/Low,Female
145,yes,yes,No/Low,Female
146,yes,yes,No/Low,Female
147,yes,yes,No/Low,Female
148,yes,yes,No/Low,Female
149,yes,yes,No/Low,Female
150,yes,yes,No/Low,Female
151,yes,yes,No/Low,Female
152,yes,yes,No/Low,Female
153,yes,yes,No/Low,Female
154,yes,yes,No/Low,Female
155,yes,yes,No/Low,Female
156,yes,yes,No/Low,Female
157,yes,yes,No/Low,Female
158,yes,yes,No/Low,Female
159,yes,yes,No/Low,Female
160,yes,yes,No/Low,Female
161,yes,yes,No/Low,Female
162,yes,yes,No/Low,Female
163,yes,yes,No/Low,Female
164,yes,yes,No/Low,Female
165,yes,yes,No/Low,Female
166,yes,yes,No/Low,Female
167,yes,yes,No/Low,Female
168,yes,yes,No/Low,Female
169,yes,yes,No/Low,Female
170,yes,yes,No/Low,Female
171,yes,yes,No/Low,Female
172,yes,yes,No/Low,Female
173,yes,yes,No/Low,Female
174,yes,yes,No/Low,Female
175,yes,yes,No/Low,Female
176,yes,yes,No/Low,Female
177,yes,yes,No/Low,Female
178,yes,yes,No/Low,Female
179,yes,yes,No/Low,Female
180,yes,yes,No/Low,Female
181,yes,yes,No/Low,Female
182,yes,yes,No/Low,Female
183,yes,yes,No/Low,Female
184,yes,yes,No/Low,Female
185,yes,yes,No/Low,Female
186,yes,yes,No/Low,Female
187,yes,yes,No/Low,Female
188,yes,yes,No/Low,Female
189,yes,yes,No/Low,Female
190,yes,yes,No/Low,Female
191,yes,yes,No/Low,Female
192,yes,yes,No/Low,Female
193,yes,yes,No/Low,Female
194,yes,yes,No/Low,Female
195,yes,yes,No/Low,Female
196,yes,yes,No/Low,Female
197,yes,yes,No/Low,Female
198,yes,yes,No/Low,Female
199,yes,yes,No/Low,Female
200,yes,yes,No/Low,Female
201,yes,yes,No/Low,Female
202,yes,yes,No/Low,Female
203,yes,yes,No/Low,Female
204,yes,yes,No/Low,Female
205,yes,yes,No/Low,Female
206,yes,yes,No/Low,Female
207,yes,yes,No/Low,Female
208,yes,yes,No/Low,Female
209,yes,yes,No/Low,Female
210,yes,yes,No/Low,Female
211,yes,yes,No/Low,Female
212,yes,yes,No/Low,Female
213,yes,yes,No/Low,Female
214,yes,yes,No/Low,Female
215,yes,yes,No/Low,Female
216,yes,yes,No/Low,Female
217,yes,yes,No/Low,Female
218,yes,yes,No/Low,Female
219,yes,yes,No/Low,Female
220,yes,yes,No/Low,Female
221,yes,yes,No/Low,Female
222,yes,yes,No/Low,Female
223,yes,yes,No/Low,Female
224,yes,yes,No/Low,Female
225,yes,yes,No/Low,Female
226,yes,yes,No/Low,Female
227,yes,yes,No/Low,Female
228,yes,yes,No/Low,Female
229,yes,yes,No/Low,Female
230,yes,yes,No/Low,Female
231,yes,yes,No/Low,Female
232,yes,yes,No/Low,Female
233,yes,yes,No/Low,Female
234,yes,yes,No/Low,Female
235,yes,yes,No/Low,Female
236,yes,yes,No/Low,Female
237,yes,yes,No/Low,Female
238,yes,yes,No/Low,Female
239,yes,yes,No/Low,Female
240,yes,yes,No/Low,Female
241,yes,yes,No/Low,Female
242,yes,yes,No/Low,Female
243,yes,yes,No/Low,Female
244,yes,yes,No/Low,Female
245,yes,yes,No/Low,Female
246,yes,yes,No/Low,Female
247,yes,yes,No/Low,Female
248,yes,yes,No/Low,Female
249,yes,yes,No/Low,Female
250,yes,yes,No/Low,Female
251,yes,yes,No/Low,Female
252,yes,yes,No/Low,Female
253,yes,yes,No/Low,Female
254,yes,yes,No/Low,Female
255,yes,yes,No/Low,Female
256,yes,yes,No/Low,Female
257,yes,yes,No/Low,Female
258,yes,yes,No/Low,Female
259,yes,yes,No/Low,Female
260,yes,yes,No/Low,Female
261,yes,yes,No/Low,Female
262,yes,yes,No/Low,Female
263,yes,yes,No/Low,Female
264,yes,yes,No/Low,Female
265,yes,yes,No/Low,Female
266,yes,yes,No/Low,Female
267,yes,yes,No/Low,Female
268,yes,yes,No/Low,Female
269,yes,yes,No/Low,Female
270,yes,yes,No/Low,Female
501,yes,yes,Medium,Female
502,yes,yes,Medium,Female
503,yes,yes,Medium,Female
504,yes,yes,Medium,Female
505,yes,yes,Medium,Female
506,yes,yes,Medium,Female
507,yes,yes,Medium,Female
508,yes,yes,Medium,Female
509,yes,yes,Medium,Female
510,yes,yes,Medium,Female
511,yes,yes,Medium,Female
512,yes,yes,Medium,Female
513,yes,yes,Medium,Female
514,yes,yes,Medium,Female
515,yes,yes,Medium,Female
516,yes,yes,Medium,Female
517,yes,yes,Medium,Female
518,yes,yes,Medium,Female
519,yes,yes,Medium,Female
520,yes,yes,Medium,Female
521,yes,yes,Medium,Female
522,yes,yes,Medium,Female
523,yes,yes,Medium,Female
524,yes,yes,Medium,Female
525,yes,yes,Medium,Female
526,yes,yes,Medium,Female
527,yes,yes,Medium,Female
528,yes,yes,Medium,Female
529,yes,yes,Medium,Female
530,yes,yes,Medium,Female
531,yes,yes,Medium,Female
532,yes,yes,Medium,Female
533,yes,yes,Medium,Female
534,yes,yes,Medium,Female
535,yes,yes,Medium,Female
536,yes,yes,Medium,Female
537,yes,yes,Medium,Female
538,yes,yes,Medium,Female
539,yes,yes,Medium,Female
540,yes,yes,Medium,Female
541,yes,yes,Medium,Female
542,yes,yes,Medium,Female
543,yes,yes,Medium,Female
544,yes,yes,Medium,Female
545,yes,yes,Medium,Female
546,yes,yes,Medium,Female
547,yes,yes,Medium,Female
548,yes,yes,Medium,Female
549,yes,yes,Medium,Female
550,yes,yes,Medium,Female
551,yes,yes,Medium,Female
552,yes,yes,Medium,Female
553,yes,yes,Medium,Female
554,yes,yes,Medium,Female
555,yes,yes,Medium,Female
556,yes,yes,Medium,Female
557,yes,yes,Medium,Female
558,yes,yes,Medium,Female
559,yes,yes,Medium,Female
560,yes,yes,Medium,Female
561,yes,yes,Medium,Female
562,yes,yes,Medium,Female
563,yes,yes,Medium,Female
564,yes,yes,Medium,Female
565,yes,yes,Medium,Female
566,yes,yes,Medium,Female
567,yes,yes,Medium,Female
568,yes,yes,Medium,Female
569,yes,yes,Medium,Female
570,yes,yes,Medium,Female
571,yes,yes,Medium,Female
572,yes,yes,Medium,Female
573,yes,yes,Medium,Female
574,yes,yes,Medium,Female
575,yes,yes,Medium,Female
576,yes,yes,Medium,Female
577,yes,yes,Medium,Female
578,yes,yes,Medium,Female
579,yes,yes,Medium,Female
580,yes,yes,Medium,Female
581,yes,yes,Medium,Female
582,yes,yes,Medium,Female
583,yes,yes,Medium,Female
584,yes,yes,Medium,Female
585,yes,yes,Medium,Female
586,yes,yes,Medium,Female
587,yes,yes,Medium,Female
588,yes,yes,Medium,Female
589,yes,yes,Medium,Female
590,yes,yes,Medium,Female
591,yes,yes,Medium,Female
592,yes,yes,Medium,Female
593,yes,yes,Medium,Female
594,yes,yes,Medium,Female
595,yes,yes,Medium,Female
596,yes,yes,Medium,Female
597,yes,yes,Medium,Female
598,yes,yes,Medium,Female
599,yes,yes,Medium,Female
600,yes,yes,Medium,Female
601,yes,yes,Medium,Female
602,yes,yes,Medium,Female
603,yes,yes,Medium,Female
604,yes,yes,Medium,Female
605,yes,yes,Medium,Female
606,yes,yes,Medium,Female
607,yes,yes,Medium,Female
608,yes,yes,Medium,Female
609,yes,yes,Medium,Female
610,yes,yes,Medium,Female
611,yes,yes,Medium,Female
612,yes,yes,Medium,Female
613,yes,yes,Medium,Female
614,yes,yes,Medium,Female
615,yes,yes,Medium,Female
616,yes,yes,Medium,Female
617,yes,yes,Medium,Female
618,yes,yes,Medium,Female
619,yes,yes,Medium,Female
620,yes,yes,Medium,Female
621,yes,yes,Medium,Female
622,yes,yes,Medium,Female
623,yes,yes,Medium,Female
624,yes,yes,Medium,Female
625,yes,yes,Medium,Female
752,yes,yes,High,Female
753,yes,yes,High,Female
754,yes,yes,High,Female
755,yes,yes,High,Female
756,yes,yes,High,Female
757,yes,yes,High,Female
758,yes,yes,High,Female
759,yes,yes,High,Female
760,yes,yes,High,Female
761,yes,yes,High,Female
762,yes,yes,High,Female
763,yes,yes,High,Female
764,yes,yes,High,Female
765,yes,yes,High,Female
766,yes,yes,High,Female
767,yes,yes,High,Female
768,yes,yes,High,Female
769,yes,yes,High,Female
770,yes,yes,High,Female
771,yes,yes,High,Female
772,yes,yes,High,Female
773,yes,yes,High,Female
774,yes,yes,High,Female
775,yes,yes,High,Female
776,yes,yes,High,Female
777,yes,yes,High,Female
778,yes,yes,High,Female
779,yes,yes,High,Female
780,yes,yes,High,Female
781,yes,yes,High,Female
782,yes,yes,High,Female
783,yes,yes,High,Female
784,yes,yes,High,Female
785,yes,yes,High,Female
786,yes,yes,High,Female
787,yes,yes,High,Female
788,yes,yes,High,Female
789,yes,yes,High,Female
790,yes,yes,High,Female
791,yes,yes,High,Female
792,yes,yes,High,Female
793,yes,yes,High,Female
794,yes,yes,High,Female
795,yes,yes,High,Female
796,yes,yes,High,Female
797,yes,yes,High,Female
798,yes,yes,High,Female
799,yes,yes,High,Female
800,yes,yes,High,Female
801,yes,yes,High,Female
802,yes,yes,High,Female
803,yes,yes,High,Female
804,yes,yes,High,Female
805,yes,yes,High,Female
806,yes,yes,High,Female
807,yes,yes,High,Female
808,yes,yes,High,Female
809,yes,yes,High,Female
810,yes,yes,High,Female
811,yes,yes,High,Female
812,yes,yes,High,Female
813,yes,yes,High,Female
814,yes,yes,High,Female
815,yes,yes,High,Female
816,yes,yes,High,Female
817,yes,yes,High,Female
818,yes,yes,High,Female
819,yes,yes,High,Female
820,yes,yes,High,Female
821,yes,yes,High,Female
822,yes,yes,High,Female
823,yes,yes,High,Female
824,yes,yes,High,Female
825,yes,yes,High,Female
826,yes,yes,High,Female
827,yes,yes,High,Female
828,yes,yes,High,Female
829,yes,yes,High,Female
830,yes,yes,High,Female
831,yes,yes,High,Female
832,yes,yes,High,Female
833,yes,yes,High,Female
834,yes,yes,High,Female
835,yes,yes,High,Female
836,yes,yes,High,Female
837,yes,yes,High,Female
838,yes,yes,High,Female
839,yes,yes,High,Female
840,yes,yes,High,Female
841,yes,yes,High,Female
842,yes,yes,High,Female
843,yes,yes,High,Female
844,yes,yes,High,Female
845,yes,yes,High,Female
846,yes,yes,High,Female
904,yes,yes,No/Low,Male
905,yes,yes,No/Low,Male
906,yes,yes,No/Low,Male
907,yes,yes,No/Low,Male
908,yes,yes,No/Low,Male
909,yes,yes,No/Low,Male
910,yes,yes,No/Low,Male
911,yes,yes,No/Low,Male
912,yes,yes,No/Low,Male
913,yes,yes,No/Low,Male
914,yes,yes,No/Low,Male
915,yes,yes,No/Low,Male
916,yes,yes,No/Low,Male
917,yes,yes,No/Low,Male
918,yes,yes,No/Low,Male
919,yes,yes,No/Low,Male
920,yes,yes,No/Low,Male
921,yes,yes,No/Low,Male
922,yes,yes,No/Low,Male
923,yes,yes,No/Low,Male
924,yes,yes,No/Low,Male
925,yes,yes,No/Low,Male
926,yes,yes,No/Low,Male
927,yes,yes,No/Low,Male
928,yes,yes,No/Low,Male
929,yes,yes,No/Low,Male
930,yes,yes,No/Low,Male
931,yes,yes,No/Low,Male
932,yes,yes,No/Low,Male
933,yes,yes,No/Low,Male
934,yes,yes,No/Low,Male
935,yes,yes,No/Low,Male
936,yes,yes,No/Low,Male
937,yes,yes,No/Low,Male
938,yes,yes,No/Low,Male
939,yes,yes,No/Low,Male
940,yes,yes,No/Low,Male
941,yes,yes,No/Low,Male
942,yes,yes,No/Low,Male
943,yes,yes,No/Low,Male
944,yes,yes,No/Low,Male
945,yes,yes,No/Low,Male
946,yes,yes,No/Low,Male
947,yes,yes,No/Low,Male
948,yes,yes,No/Low,Male
949,yes,yes,No/Low,Male
950,yes,yes,No/Low,Male
951,yes,yes,No/Low,Male
952,yes,yes,No/Low,Male
953,yes,yes,No/Low,Male
954,yes,yes,No/Low,Male
955,yes,yes,No/Low,Male
956,yes,yes,No/Low,Male
957,yes,yes,No/Low,Male
958,yes,yes,No/Low,Male
959,yes,yes,No/Low,Male
960,yes,yes,No/Low,Male
961,yes,yes,No/Low,Male
962,yes,yes,No/Low,Male
963,yes,yes,No/Low,Male
964,yes,yes,No/Low,Male
965,yes,yes,No/Low,Male
966,yes,yes,No/Low,Male
967,yes,yes,No/Low,Male
968,yes,yes,No/Low,Male
969,yes,yes,No/Low,Male
970,yes,yes,No/Low,Male
971,yes,yes,No/Low,Male
972,yes,yes,No/Low,Male
973,yes,yes,No/Low,Male
974,yes,yes,No/Low,Male
975,yes,yes,No/Low,Male
976,yes,yes,No/Low,Male
977,yes,yes,No/Low,Male
978,yes,yes,No/Low,Male
979,yes,yes,No/Low,Male
980,yes,yes,No/Low,Male
981,yes,yes,No/Low,Male
982,yes,yes,No/Low,Male
983,yes,yes,No/Low,Male
984,yes,yes,No/Low,Male
985,yes,yes,No/Low,Male
986,yes,yes,No/Low,Male
987,yes,yes,No/Low,Male
988,yes,yes,No/Low,Male
989,yes,yes,No/Low,Male
990,yes,yes,No/Low,Male
991,yes,yes,No/Low,Male
1073,yes,yes,Medium,Male
1074,yes,yes,Medium,Male
1075,yes,yes,Medium,Male
1076,yes,yes,Medium,Male
1077,yes,yes,Medium,Male
1078,yes,yes,Medium,Male
1079,yes,yes,Medium,Male
1080,yes,yes,Medium,Male
1081,yes,yes,Medium,Male
1082,yes,yes,Medium,Male
1083,yes,yes,Medium,Male
1084,yes,yes,Medium,Male
1085,yes,yes,Medium,Male
1086,yes,yes,Medium,Male
1087,yes,yes,Medium,Male
1088,yes,yes,Medium,Male
1089,yes,yes,Medium,Male
1090,yes,yes,Medium,Male
1091,yes,yes,Medium,Male
1092,yes,yes,Medium,Male
1093,yes,yes,Medium,Male
1094,yes,yes,Medium,Male
1095,yes,yes,Medium,Male
1096,yes,yes,Medium,Male
1097,yes,yes,Medium,Male
1098,yes,yes,Medium,Male
1099,yes,yes,Medium,Male
1100,yes,yes,Medium,Male
1101,yes,yes,Medium,Male
1102,yes,yes,Medium,Male
1103,yes,yes,Medium,Male
1104,yes,yes,Medium,Male
1105,yes,yes,Medium,Male
1106,yes,yes,Medium,Male
1107,yes,yes,Medium,Male
1108,yes,yes,Medium,Male
1109,yes,yes,Medium,Male
1110,yes,yes,Medium,Male
1111,yes,yes,Medium,Male
1112,yes,yes,Medium,Male
1113,yes,yes,Medium,Male
1114,yes,yes,Medium,Male
1115,yes,yes,Medium,Male
1116,yes,yes,Medium,Male
1117,yes,yes,Medium,Male
1118,yes,yes,Medium,Male
1119,yes,yes,Medium,Male
1120,yes,yes,Medium,Male
1121,yes,yes,Medium,Male
1122,yes,yes,Medium,Male
1123,yes,yes,Medium,Male
1124,yes,yes,Medium,Male
1125,yes,yes,Medium,Male
1126,yes,yes,Medium,Male
1127,yes,yes,Medium,Male
1128,yes,yes,Medium,Male
1129,yes,yes,Medium,Male
1130,yes,yes,Medium,Male
1131,yes,yes,Medium,Male
1132,yes,yes,Medium,Male
1133,yes,yes,Medium,Male
1134,yes,yes,Medium,Male
1135,yes,yes,Medium,Male
1136,yes,yes,Medium,Male
1137,yes,yes,Medium,Male
1138,yes,yes,Medium,Male
1139,yes,yes,Medium,Male
1140,yes,yes,Medium,Male
1141,yes,yes,Medium,Male
1142,yes,yes,Medium,Male
1143,yes,yes,Medium,Male
1144,yes,yes,Medium,Male
1145,yes,yes,Medium,Male
1146,yes,yes,Medium,Male
1147,yes,yes,Medium,Male
1148,yes,yes,Medium,Male
1149,yes,yes,Medium,Male
1150,yes,yes,Medium,Male
1151,yes,yes,Medium,Male
1152,yes,yes,Medium,Male
1153,yes,yes,Medium,Male
1154,yes,yes,Medium,Male
1155,yes,yes,Medium,Male
1156,yes,yes,Medium,Male
1157,yes,yes,Medium,Male
1158,yes,yes,Medium,Male
1159,yes,yes,Medium,Male
1160,yes,yes,Medium,Male
1161,yes,yes,Medium,Male
1162,yes,yes,Medium,Male
1163,yes,yes,Medium,Male
1164,yes,yes,Medium,Male
1165,yes,yes,Medium,Male
1166,yes,yes,Medium,Male
1167,yes,yes,Medium,Male
1168,yes,yes,Medium,Male
1169,yes,yes,Medium,Male
1170,yes,yes,Medium,Male
1171,yes,yes,Medium,Male
1172,yes,yes,Medium,Male
1173,yes,yes,Medium,Male
1174,yes,yes,Medium,Male
1175,yes,yes,Medium,Male
1176,yes,yes,Medium,Male
1177,yes,yes,Medium,Male
1178,yes,yes,Medium,Male
1179,yes,yes,Medium,Male
1180,yes,yes,Medium,Male
1181,yes,yes,Medium,Male
1182,yes,yes,Medium,Male
1183,yes,yes,Medium,Male
1184,yes,yes,Medium,Male
1185,yes,yes,Medium,Male
1186,yes,yes,Medium,Male
1187,yes,yes,Medium,Male
1188,yes,yes,Medium,Male
1189,yes,yes,Medium,Male
1190,yes,yes,Medium,Male
1191,yes,yes,Medium,Male
1192,yes,yes,Medium,Male
1193,yes,yes,Medium,Male
1194,yes,yes,Medium,Male
1195,yes,yes,Medium,Male
1196,yes,yes,Medium,Male
1197,yes,yes,Medium,Male
1198,yes,yes,Medium,Male
1199,yes,yes,Medium,Male
1200,yes,yes,Medium,Male
1201,yes,yes,Medium,Male
1202,yes,yes,Medium,Male
1203,yes,yes,Medium,Male
1204,yes,yes,Medium,Male
1205,yes,yes,Medium,Male
1206,yes,yes,Medium,Male
1207,yes,yes,Medium,Male
1208,yes,yes,Medium,Male
1209,yes,yes,Medium,Male
1210,yes,yes,Medium,Male
1211,yes,yes,Medium,Male
1212,yes,yes,Medium,Male
1213,yes,yes,Medium,Male
1214,yes,yes,Medium,Male
1215,yes,yes,Medium,Male
1216,yes,yes,Medium,Male
1217,yes,yes,Medium,Male
1218,yes,yes,Medium,Male
1219,yes,yes,Medium,Male
1220,yes,yes,Medium,Male
1221,yes,yes,Medium,Male
1222,yes,yes,Medium,Male
1223,yes,yes,Medium,Male
1224,yes,yes,Medium,Male
1225,yes,yes,Medium,Male
1226,yes,yes,Medium,Male
1227,yes,yes,Medium,Male
1228,yes,yes,Medium,Male
1229,yes,yes,Medium,Male
1230,yes,yes,Medium,Male
1231,yes,yes,Medium,Male
1232,yes,yes,Medium,Male
1233,yes,yes,Medium,Male
1234,yes,yes,Medium,Male
1235,yes,yes,Medium,Male
1236,yes,yes,Medium,Male
1237,yes,yes,Medium,Male
1238,yes,yes,Medium,Male
1239,yes,yes,Medium,Male
1240,yes,yes,Medium,Male
1241,yes,yes,Medium,Male
1242,yes,yes,Medium,Male
1243,yes,yes,Medium,Male
1244,yes,yes,Medium,Male
1245,yes,yes,Medium,Male
1246,yes,yes,Medium,Male
1247,yes,yes,Medium,Male
1248,yes,yes,Medium,Male
1249,yes,yes,Medium,Male
1323,yes,yes,High,Male
1324,yes,yes,High,Male
1325,yes,yes,High,Male
1326,yes,yes,High,Male
1327,yes,yes,High,Male
1328,yes,yes,High,Male
1329,yes,yes,High,Male
1330,yes,yes,High,Male
1331,yes,yes,High,Male
1332,yes,yes,High,Male
1333,yes,yes,High,Male
1334,yes,yes,High,Male
1335,yes,yes,High,Male
1336,yes,yes,High,Male
1337,yes,yes,High,Male
1338,yes,yes,High,Male
1339,yes,yes,High,Male
1340,yes,yes,High,Male
1341,yes,yes,High,Male
1342,yes,yes,High,Male
1343,yes,yes,High,Male
1344,yes,yes,High,Male
1345,yes,yes,High,Male
1346,yes,yes,High,Male
1347,yes,yes,High,Male
1348,yes,yes,High,Male
1349,yes,yes,High,Male
1350,yes,yes,High,Male
1351,yes,yes,High,Male
1352,yes,yes,High,Male
1353,yes,yes,High,Male
1354,yes,yes,High,Male
1355,yes,yes,High,Male
1356,yes,yes,High,Male
1357,yes,yes,High,Male
1358,yes,yes,High,Male
1359,yes,yes,High,Male
1360,yes,yes,High,Male
1361,yes,yes,High,Male
1362,yes,yes,High,Male
1363,yes,yes,High,Male
1364,yes,yes,High,Male
1365,yes,yes,High,Male
1366,yes,yes,High,Male
1367,yes,yes,High,Male
1368,yes,yes,High,Male
1369,yes,yes,High,Male
1370,yes,yes,High,Male
1371,yes,yes,High,Male
1372,yes,yes,High,Male
1373,yes,yes,High,Male
1374,yes,yes,High,Male
1375,yes,yes,High,Male
1376,yes,yes,High,Male
1377,yes,yes,High,Male
1378,yes,yes,High,Male
1379,yes,yes,High,Male
1380,yes,yes,High,Male
1381,yes,yes,High,Male
1382,yes,yes,High,Male
1383,yes,yes,High,Male
1384,yes,yes,High,Male
1385,yes,yes,High,Male
1386,yes,yes,High,Male
1387,yes,yes,High,Male
1388,yes,yes,High,Male
1389,yes,yes,High,Male
1390,yes,yes,High,Male
1391,yes,yes,High,Male
1392,yes,yes,High,Male
1393,yes,yes,High,Male
1394,yes,yes,High,Male
1395,yes,yes,High,Male
1396,yes,yes,High,Male
1397,yes,yes,High,Male
1398,yes,yes,High,Male
1399,yes,yes,High,Male
1400,yes,yes,High,Male
1401,yes,yes,High,Male
1402,yes,yes,High,Male
1403,yes,yes,High,Male
1404,yes,yes,High,Male
1405,yes,yes,High,Male
1406,yes,yes,High,Male
1407,yes,yes,High,Male
1408,yes,yes,High,Male
1409,yes,yes,High,Male
1410,yes,yes,High,Male
1411,yes,yes,High,Male
1412,yes,yes,High,Male
1413,yes,yes,High,Male
1414,yes,yes,High,Male
1415,yes,yes,High,Male
1416,yes,yes,High,Male
1417,yes,yes,High,Male
1418,yes,yes,High,Male
1419,yes,yes,High,Male
1420,yes,yes,High,Male
1421,yes,yes,High,Male
1422,yes,yes,High,Male
1423,yes,yes,High,Male
1424,yes,yes,High,Male
1425,yes,yes,High,Male
1426,yes,yes,High,Male
1427,yes,yes,High,Male
1428,yes,yes,High,Male
1429,yes,yes,High,Male
1430,yes,yes,High,Male
1431,yes,yes,High,Male
1432,yes,yes,High,Male
1433,yes,yes,High,Male
1434,yes,yes,High,Male
1435,yes,yes,High,Male
1436,yes,yes,High,Male
1437,yes,yes,High,Male
1438,yes,yes,High,Male
1439,yes,yes,High,Male
1440,yes,yes,High,Male
1441,yes,yes,High,Male
1442,yes,yes,High,Male
1443,yes,yes,High,Male
1444,yes,yes,High,Male
1445,yes,yes,High,Male
1446,yes,yes,High,Male
1447,yes,yes,High,Male
1448,yes,yes,High,Male
1449,yes,yes,High,Male
1450,yes,yes,High,Male
1451,yes,yes,High,Male
1452,yes,yes,High,Male
1453,yes,yes,High,Male
1454,yes,yes,High,Male
1455,yes,yes,High,Male
1456,yes,yes,High,Male
1457,yes,yes,High,Male
1458,yes,yes,High,Male
1459,yes,yes,High,Male
1460,yes,yes,High,Male
1461,yes,yes,High,Male
1462,yes,yes,High,Male
1463,yes,yes,High,Male
1464,yes,yes,High,Male
1465,yes,yes,High,Male
1466,yes,yes,High,Male
1467,yes,yes,High,Male
1468,yes,yes,High,Male
1469,yes,yes,High,Male
1470,yes,yes,High,Male
1471,yes,yes,High,Male
1472,yes,yes,High,Male
1473,yes,yes,High,Male
1474,yes,yes,High,Male
1475,yes,yes,High,Male
1476,yes,yes,High,Male
1477,yes,yes,High,Male
1478,yes,yes,High,Male
1479,yes,yes,High,Male
1480,yes,yes,High,Male
1481,yes,yes,High,Male
1482,yes,yes,High,Male
1483,yes,yes,High,Male
1484,yes,yes,High,Male
1485,yes,yes,High,Male
1486,yes,yes,High,Male
1487,yes,yes,High,Male
1488,yes,yes,High,Male
1489,yes,yes,High,Male
1490,yes,yes,High,Male
1491,yes,yes,High,Male
1492,yes,yes,High,Male
1493,yes,yes,High,Male
1494,yes,yes,High,Male
1495,yes,yes,High,Male
1496,yes,yes,High,Male
1497,yes,yes,High,Male
1498,yes,yes,High,Male
1499,yes,yes,High,Male
1500,yes,yes,High,Male
1501,yes,yes,High,Male
1502,yes,yes,High,Male
1503,yes,yes,High,Male
1504,yes,yes,High,Male
1505,yes,yes,High,Male
1506,yes,yes,High,Male
1507,yes,yes,High,Male
1508,yes,yes,High,Male
1509,yes,yes,High,Male
1510,yes,yes,High,Male
1511,yes,yes,High,Male
1512,yes,yes,High,Male
1513,yes,yes,High,Male
1514,yes,yes,High,Male
1515,yes,yes,High,Male
1516,yes,yes,High,Male
1517,yes,yes,High,Male
1518,yes,yes,High,Male
1519,yes,yes,High,Male
1520,yes,yes,High,Male
1521,yes,yes,High,Male
1522,yes,yes,High,Male
1523,yes,yes,High,Male
1524,yes,yes,High,Male
1525,yes,yes,High,Male
1526,yes,yes,High,Male
1527,yes,yes,High,Male
1528,yes,yes,High,Male
1529,yes,yes,High,Male
1530,yes,yes,High,Male
1531,yes,yes,High,Male
1532,yes,yes,High,Male
1533,yes,yes,High,Male
1534,yes,yes,High,Male
1535,yes,yes,High,Male
1536,yes,yes,High,Male
1537,yes,yes,High,Male
1538,yes,yes,High,Male
1539,yes,yes,High,Male
1540,yes,yes,High,Male
1541,yes,yes,High,Male
1542,yes,yes,High,Male
1543,yes,yes,High,Male
1544,yes,yes,High,Male
1545,yes,yes,High,Male
1546,yes,yes,High,Male
1547,yes,yes,High,Male
1548,yes,yes,High,Male
1549,yes,yes,High,Male
1550,yes,yes,High,Male
1551,yes,yes,High,Male
1552,yes,yes,High,Male
1553,yes,yes,High,Male
1554,yes,yes,High,Male
1555,yes,yes,High,Male
1556,yes,yes,High,Male
1557,yes,yes,High,Male
1558,yes,yes,High,Male
1559,yes,yes,High,Male
1560,yes,yes,High,Male
1561,yes,yes,High,Male
1562,yes,yes,High,Male
1563,yes,yes,High,Male
1564,yes,yes,High,Male
1565,yes,yes,High,Male
1566,yes,yes,High,Male
1567,yes,yes,High,Male
1568,yes,yes,High,Male
1569,yes,yes,High,Male
1570,yes,yes,High,Male
1571,yes,yes,High,Male
1572,yes,yes,High,Male
1573,yes,yes,High,Male
1574,yes,yes,High,Male
1575,yes,yes,High,Male
1576,yes,yes,High,Male
1577,yes,yes,High,Male
1578,yes,yes,High,Male
1579,yes,yes,High,Male
1580,yes,yes,High,Male
1581,yes,yes,High,Male
1582,yes,yes,High,Male
1583,yes,yes,High,Male
1584,yes,yes,High,Male
1585,yes,yes,High,Male
1586,yes,yes,High,Male
1587,yes,yes,High,Male
1588,yes,yes,High,Male
1589,yes,yes,High,Male
1590,yes,yes,High,Male
1591,yes,yes,High,Male
1592,yes,yes,High,Male
1593,yes,yes,High,Male
1594,yes,yes,High,Male
1595,yes,yes,High,Male
1596,yes,yes,High,Male
1597,yes,yes,High,Male
1598,yes,yes,High,Male
1599,yes,yes,High,Male
1600,yes,yes,High,Male
1601,yes,yes,High,Male
1602,yes,yes,High,Male
1603,yes,yes,High,Male
1604,yes,yes,High,Male
1605,yes,yes,High,Male
1606,yes,yes,High,Male
1607,yes,yes,High,Male
1608,yes,yes,High,Male
1609,yes,yes,High,Male
1610,yes,yes,High,Male
1611,yes,yes,High,Male
1612,yes,yes,High,Male
1613,yes,yes,High,Male
1614,yes,yes,High,Male
1615,yes,yes,High,Male
1616,yes,yes,High,Male
1617,yes,yes,High,Male
1618,yes,yes,High,Male
1619,yes,yes,High,Male
1620,yes,yes,High,Male
1621,yes,yes,High,Male
1622,yes,yes,High,Male
1623,yes,yes,High,Male
1624,yes,yes,High,Male
1625,yes,yes,High,Male
1626,yes,yes,High,Male
1627,yes,yes,High,Male
1628,yes,yes,High,Male
1629,yes,yes,High,Male
1630,yes,yes,High,Male
1631,yes,yes,High,Male
1632,yes,yes,High,Male
1633,yes,yes,High,Male
1634,yes,yes,High,Male
1635,yes,yes,High,Male
1636,yes,yes,High,Male
1637,yes,yes,High,Male
1638,yes,yes,High,Male
1639,yes,yes,High,Male
1640,yes,yes,High,Male
1641,yes,yes,High,Male
1642,yes,yes,High,Male
1643,yes,yes,High,Male
1644,yes,yes,High,Male
1645,yes,yes,High,Male
2017,yes,no,No/Low,Female
2018,yes,no,No/Low,Female
2019,yes,no,No/Low,Female
2020,yes,no,No/Low,Female
2021,yes,no,No/Low,Female
2022,yes,no,No/Low,Female
2023,yes,no,No/Low,Female
2024,yes,no,No/Low,Female
2025,yes,no,No/Low,Female
2026,yes,no,No/Low,Female
2027,yes,no,No/Low,Female
2028,yes,no,No/Low,Female
2029,yes,no,No/Low,Female
2030,yes,no,No/Low,Female
2031,yes,no,No/Low,Female
2032,yes,no,No/Low,Female
2033,yes,no,No/Low,Female
2034,yes,no,No/Low,Female
2035,yes,no,No/Low,Female
2036,yes,no,No/Low,Female
2037,yes,no,No/Low,Female
2038,yes,no,No/Low,Female
2039,yes,no,No/Low,Female
2040,yes,no,No/Low,Female
2041,yes,no,No/Low,Female
2042,yes,no,No/Low,Female
2043,yes,no,No/Low,Female
2044,yes,no,No/Low,Female
2045,yes,no,No/Low,Female
2046,yes,no,No/Low,Female
2047,yes,no,No/Low,Female
2048,yes,no,No/Low,Female
2049,yes,no,No/Low,Female
2050,yes,no,No/Low,Female
2051,yes,no,No/Low,Female
2052,yes,no,No/Low,Female
2053,yes,no,No/Low,Female
2054,yes,no,No/Low,Female
2055,yes,no,No/Low,Female
2056,yes,no,No/Low,Female
2057,yes,no,No/Low,Female
2058,yes,no,No/Low,Female
2059,yes,no,No/Low,Female
2060,yes,no,No/Low,Female
2061,yes,no,No/Low,Female
2062,yes,no,No/Low,Female
2063,yes,no,No/Low,Female
2064,yes,no,No/Low,Female
2065,yes,no,No/Low,Female
2066,yes,no,No/Low,Female
2067,yes,no,No/Low,Female
2068,yes,no,No/Low,Female
2069,yes,no,No/Low,Female
2070,yes,no,No/Low,Female
2071,yes,no,No/Low,Female
2072,yes,no,No/Low,Female
2073,yes,no,No/Low,Female
2074,yes,no,No/Low,Female
2075,yes,no,No/Low,Female
2076,yes,no,No/Low,Female
2077,yes,no,No/Low,Female
2078,yes,no,No/Low,Female
2079,yes,no,No/Low,Female
2080,yes,no,No/Low,Female
2081,yes,no,No/Low,Female
2082,yes,no,No/Low,Female
2083,yes,no,No/Low,Female
2084,yes,no,No/Low,Female
2085,yes,no,No/Low,Female
2086,yes,no,No/Low,Female
2087,yes,no,No/Low,Female
2088,yes,no,No/Low,Female
2089,yes,no,No/Low,Female
2090,yes,no,No/Low,Female
2091,yes,no,No/Low,Female
2092,yes,no,No/Low,Female
2093,yes,no,No/Low,Female
2094,yes,no,No/Low,Female
2095,yes,no,No/Low,Female
2096,yes,no,No/Low,Female
2097,yes,no,No/Low,Female
2098,yes,no,No/Low,Female
2099,yes,no,No/Low,Female
2100,yes,no,No/Low,Female
2101,yes,no,No/Low,Female
2102,yes,no,No/Low,Female
2103,yes,no,No/Low,Female
2104,yes,no,No/Low,Female
2105,yes,no,No/Low,Female
2106,yes,no,No/Low,Female
2107,yes,no,No/Low,Female
2108,yes,no,No/Low,Female
2109,yes,no,No/Low,Female
2110,yes,no,No/Low,Female
2111,yes,no,No/Low,Female
2112,yes,no,No/Low,Female
2113,yes,no,No/Low,Female
2114,yes,no,No/Low,Female
2115,yes,no,No/Low,Female
2116,yes,no,No/Low,Female
2117,yes,no,No/Low,Female
2118,yes,no,No/Low,Female
2119,yes,no,No/Low,Female
2120,yes,no,No/Low,Female
2121,yes,no,No/Low,Female
2122,yes,no,No/Low,Female
2123,yes,no,No/Low,Female
2124,yes,no,No/Low,Female
2125,yes,no,No/Low,Female
2126,yes,no,No/Low,Female
2127,yes,no,No/Low,Female
2128,yes,no,No/Low,Female
2129,yes,no,No/Low,Female
2130,yes,no,No/Low,Female
2131,yes,no,No/Low,Female
2132,yes,no,No/Low,Female
2133,yes,no,No/Low,Female
2134,yes,no,No/Low,Female
2135,yes,no,No/Low,Female
2136,yes,no,No/Low,Female
2137,yes,no,No/Low,Female
2138,yes,no,No/Low,Female
2139,yes,no,No/Low,Female
2140,yes,no,No/Low,Female
2141,yes,no,No/Low,Female
2142,yes,no,No/Low,Female
2143,yes,no,No/Low,Female
2144,yes,no,No/Low,Female
2145,yes,no,No/Low,Female
2146,yes,no,No/Low,Female
2147,yes,no,No/Low,Female
2148,yes,no,No/Low,Female
2149,yes,no,No/Low,Female
2150,yes,no,No/Low,Female
2151,yes,no,No/Low,Female
2152,yes,no,No/Low,Female
2153,yes,no,No/Low,Female
2154,yes,no,No/Low,Female
2155,yes,no,No/Low,Female
2156,yes,no,No/Low,Female
2157,yes,no,No/Low,Female
2158,yes,no,No/Low,Female
2159,yes,no,No/Low,Female
2160,yes,no,No/Low,Female
2161,yes,no,No/Low,Female
2162,yes,no,No/Low,Female
2163,yes,no,No/Low,Female
2164,yes,no,No/Low,Female
2165,yes,no,No/Low,Female
2166,yes,no,No/Low,Female
2167,yes,no,No/Low,Female
2168,yes,no,No/Low,Female
2169,yes,no,No/Low,Female
2170,yes,no,No/Low,Female
2171,yes,no,No/Low,Female
2172,yes,no,No/Low,Female
2173,yes,no,No/Low,Female
2174,yes,no,No/Low,Female
2175,yes,no,No/Low,Female
2176,yes,no,No/Low,Female
2177,yes,no,No/Low,Female
2178,yes,no,No/Low,Female
2179,yes,no,No/Low,Female
2180,yes,no,No/Low,Female
2181,yes,no,No/Low,Female
2182,yes,no,No/Low,Female
2183,yes,no,No/Low,Female
2184,yes,no,No/Low,Female
2185,yes,no,No/Low,Female
2186,yes,no,No/Low,Female
2187,yes,no,No/Low,Female
2188,yes,no,No/Low,Female
2189,yes,no,No/Low,Female
2190,yes,no,No/Low,Female
2191,yes,no,No/Low,Female
2192,yes,no,No/Low,Female
2193,yes,no,No/Low,Female
2194,yes,no,No/Low,Female
2195,yes,no,No/Low,Female
2196,yes,no,No/Low,Female
2197,yes,no,No/Low,Female
2198,yes,no,No/Low,Female
2199,yes,no,No/Low,Female
2200,yes,no,No/Low,Female
2201,yes,no,No/Low,Female
2202,yes,no,No/Low,Female
2203,yes,no,No/Low,Female
2204,yes,no,No/Low,Female
2205,yes,no,No/Low,Female
2206,yes,no,No/Low,Female
2207,yes,no,No/Low,Female
2208,yes,no,No/Low,Female
2209,yes,no,No/Low,Female
2210,yes,no,No/Low,Female
2211,yes,no,No/Low,Female
2212,yes,no,No/Low,Female
2213,yes,no,No/Low,Female
2214,yes,no,No/Low,Female
2215,yes,no,No/Low,Female
2216,yes,no,No/Low,Female
2217,yes,no,No/Low,Female
2218,yes,no,No/Low,Female
2219,yes,no,No/Low,Female
2220,yes,no,No/Low,Female
2221,yes,no,No/Low,Female
2222,yes,no,No/Low,Female
2223,yes,no,No/Low,Female
2224,yes,no,No/Low,Female
2225,yes,no,No/Low,Female
2226,yes,no,No/Low,Female
2227,yes,no,No/Low,Female
2228,yes,no,No/Low,Female
2229,yes,no,No/Low,Female
2230,yes,no,No/Low,Female
2231,yes,no,No/Low,Female
2232,yes,no,No/Low,Female
2233,yes,no,No/Low,Female
2234,yes,no,No/Low,Female
2235,yes,no,No/Low,Female
2236,yes,no,No/Low,Female
2237,yes,no,No/Low,Female
2238,yes,no,No/Low,Female
2239,yes,no,No/Low,Female
2240,yes,no,No/Low,Female
2241,yes,no,No/Low,Female
2242,yes,no,No/Low,Female
2243,yes,no,No/Low,Female
2244,yes,no,No/Low,Female
2245,yes,no,No/Low,Female
2246,yes,no,No/Low,Female
2247,yes,no,No/Low,Female
2248,yes,no,No/Low,Female
2249,yes,no,No/Low,Female
2250,yes,no,No/Low,Female
2251,yes,no,No/Low,Female
2252,yes,no,No/Low,Female
2253,yes,no,No/Low,Female
2254,yes,no,No/Low,Female
2255,yes,no,No/Low,Female
2256,yes,no,No/Low,Female
2257,yes,no,No/Low,Female
2258,yes,no,No/Low,Female
2259,yes,no,No/Low,Female
2260,yes,no,No/Low,Female
2261,yes,no,No/Low,Female
2262,yes,no,No/Low,Female
2263,yes,no,No/Low,Female
2264,yes,no,No/Low,Female
2265,yes,no,No/Low,Female
2266,yes,no,No/Low,Female
2267,yes,no,No/Low,Female
2268,yes,no,No/Low,Female
2269,yes,no,No/Low,Female
2270,yes,no,No/Low,Female
2271,yes,no,No/Low,Female
2272,yes,no,No/Low,Female
2273,yes,no,No/Low,Female
2274,yes,no,No/Low,Female
2275,yes,no,No/Low,Female
2276,yes,no,No/Low,Female
2277,yes,no,No/Low,Female
2278,yes,no,No/Low,Female
2279,yes,no,No/Low,Female
2280,yes,no,No/Low,Female
2281,yes,no,No/Low,Female
2282,yes,no,No/Low,Female
2283,yes,no,No/Low,Female
2284,yes,no,No/Low,Female
2285,yes,no,No/Low,Female
2286,yes,no,No/Low,Female
2287,yes,no,No/Low,Female
2288,yes,no,No/Low,Female
2289,yes,no,No/Low,Female
2290,yes,no,No/Low,Female
2291,yes,no,No/Low,Female
2405,yes,no,Medium,Female
2406,yes,no,Medium,Female
2407,yes,no,Medium,Female
2408,yes,no,Medium,Female
2409,yes,no,Medium,Female
2410,yes,no,Medium,Female
2411,yes,no,Medium,Female
2412,yes,no,Medium,Female
2413,yes,no,Medium,Female
2414,yes,no,Medium,Female
2415,yes,no,Medium,Female
2416,yes,no,Medium,Female
2417,yes,no,Medium,Female
2418,yes,no,Medium,Female
2419,yes,no,Medium,Female
2420,yes,no,Medium,Female
2421,yes,no,Medium,Female
2422,yes,no,Medium,Female
2423,yes,no,Medium,Female
2424,yes,no,Medium,Female
2425,yes,no,Medium,Female
2426,yes,no,Medium,Female
2427,yes,no,Medium,Female
2428,yes,no,Medium,Female
2429,yes,no,Medium,Female
2430,yes,no,Medium,Female
2431,yes,no,Medium,Female
2432,yes,no,Medium,Female
2433,yes,no,Medium,Female
2434,yes,no,Medium,Female
2435,yes,no,Medium,Female
2436,yes,no,Medium,Female
2437,yes,no,Medium,Female
2438,yes,no,Medium,Female
2439,yes,no,Medium,Female
2440,yes,no,Medium,Female
2441,yes,no,Medium,Female
2442,yes,no,Medium,Female
2443,yes,no,Medium,Female
2444,yes,no,Medium,Female
2445,yes,no,Medium,Female
2446,yes,no,Medium,Female
2447,yes,no,Medium,Female
2448,yes,no,Medium,Female
2449,yes,no,Medium,Female
2450,yes,no,Medium,Female
2451,yes,no,Medium,Female
2452,yes,no,Medium,Female
2453,yes,no,Medium,Female
2454,yes,no,Medium,Female
2455,yes,no,Medium,Female
2456,yes,no,Medium,Female
2457,yes,no,Medium,Female
2458,yes,no,Medium,Female
2459,yes,no,Medium,Female
2460,yes,no,Medium,Female
2461,yes,no,Medium,Female
2462,yes,no,Medium,Female
2463,yes,no,Medium,Female
2464,yes,no,Medium,Female
2465,yes,no,Medium,Female
2466,yes,no,Medium,Female
2467,yes,no,Medium,Female
2468,yes,no,Medium,Female
2469,yes,no,Medium,Female
2470,yes,no,Medium,Female
2471,yes,no,Medium,Female
2472,yes,no,Medium,Female
2473,yes,no,Medium,Female
2474,yes,no,Medium,Female
2475,yes,no,Medium,Female
2476,yes,no,Medium,Female
2788,yes,no,High,Female
2789,yes,no,High,Female
2790,yes,no,High,Female
2791,yes,no,High,Female
2792,yes,no,High,Female
2793,yes,no,High,Female
2794,yes,no,High,Female
2795,yes,no,High,Female
2796,yes,no,High,Female
2797,yes,no,High,Female
2798,yes,no,High,Female
2799,yes,no,High,Female
2800,yes,no,High,Female
2801,yes,no,High,Female
2802,yes,no,High,Female
2803,yes,no,High,Female
2804,yes,no,High,Female
2805,yes,no,High,Female
2901,yes,no,No/Low,Male
2902,yes,no,No/Low,Male
2903,yes,no,No/Low,Male
2904,yes,no,No/Low,Male
2905,yes,no,No/Low,Male
2906,yes,no,No/Low,Male
2907,yes,no,No/Low,Male
2908,yes,no,No/Low,Male
2909,yes,no,No/Low,Male
2910,yes,no,No/Low,Male
2911,yes,no,No/Low,Male
2912,yes,no,No/Low,Male
2913,yes,no,No/Low,Male
2914,yes,no,No/Low,Male
2915,yes,no,No/Low,Male
2916,yes,no,No/Low,Male
2917,yes,no,No/Low,Male
2918,yes,no,No/Low,Male
2919,yes,no,No/Low,Male
2920,yes,no,No/Low,Male
2921,yes,no,No/Low,Male
2922,yes,no,No/Low,Male
2923,yes,no,No/Low,Male
2924,yes,no,No/Low,Male
2925,yes,no,No/Low,Male
2926,yes,no,No/Low,Male
2927,yes,no,No/Low,Male
2928,yes,no,No/Low,Male
2929,yes,no,No/Low,Male
2930,yes,no,No/Low,Male
2931,yes,no,No/Low,Male
2932,yes,no,No/Low,Male
2933,yes,no,No/Low,Male
2934,yes,no,No/Low,Male
2935,yes,no,No/Low,Male
2936,yes,no,No/Low,Male
2937,yes,no,No/Low,Male
2938,yes,no,No/Low,Male
2939,yes,no,No/Low,Male
2940,yes,no,No/Low,Male
2941,yes,no,No/Low,Male
2942,yes,no,No/Low,Male
2943,yes,no,No/Low,Male
2944,yes,no,No/Low,Male
2945,yes,no,No/Low,Male
2946,yes,no,No/Low,Male
2947,yes,no,No/Low,Male
2948,yes,no,No/Low,Male
2949,yes,no,No/Low,Male
2950,yes,no,No/Low,Male
2951,yes,no,No/Low,Male
2952,yes,no,No/Low,Male
2953,yes,no,No/Low,Male
2954,yes,no,No/Low,Male
2955,yes,no,No/Low,Male
2956,yes,no,No/Low,Male
2957,yes,no,No/Low,Male
2958,yes,no,No/Low,Male
2959,yes,no,No/Low,Male
2960,yes,no,No/Low,Male
2961,yes,no,No/Low,Male
2962,yes,no,No/Low,Male
2963,yes,no,No/Low,Male
2964,yes,no,No/Low,Male
2965,yes,no,No/Low,Male
2966,yes,no,No/Low,Male
2967,yes,no,No/Low,Male
2968,yes,no,No/Low,Male
2969,yes,no,No/Low,Male
2970,yes,no,No/Low,Male
2971,yes,no,No/Low,Male
2972,yes,no,No/Low,Male
2973,yes,no,No/Low,Male
2974,yes,no,No/Low,Male
2975,yes,no,No/Low,Male
2976,yes,no,No/Low,Male
2977,yes,no,No/Low,Male
2978,yes,no,No/Low,Male
2979,yes,no,No/Low,Male
2980,yes,no,No/Low,Male
2981,yes,no,No/Low,Male
2982,yes,no,No/Low,Male
2983,yes,no,No/Low,Male
2984,yes,no,No/Low,Male
2985,yes,no,No/Low,Male
2986,yes,no,No/Low,Male
2987,yes,no,No/Low,Male
2988,yes,no,No/Low,Male
2989,yes,no,No/Low,Male
2990,yes,no,No/Low,Male
2991,yes,no,No/Low,Male
2992,yes,no,No/Low,Male
2993,yes,no,No/Low,Male
2994,yes,no,No/Low,Male
2995,yes,no,No/Low,Male
2996,yes,no,No/Low,Male
2997,yes,no,No/Low,Male
2998,yes,no,No/Low,Male
2999,yes,no,No/Low,Male
3000,yes,no,No/Low,Male
3001,yes,no,No/Low,Male
3002,yes,no,No/Low,Male
3003,yes,no,No/Low,Male
3004,yes,no,No/Low,Male
3005,yes,no,No/Low,Male
3006,yes,no,No/Low,Male
3007,yes,no,No/Low,Male
3008,yes,no,No/Low,Male
3009,yes,no,No/Low,Male
3010,yes,no,No/Low,Male
3011,yes,no,No/Low,Male
3012,yes,no,No/Low,Male
3013,yes,no,No/Low,Male
3014,yes,no,No/Low,Male
3015,yes,no,No/Low,Male
3016,yes,no,No/Low,Male
3017,yes,no,No/Low,Male
3018,yes,no,No/Low,Male
3019,yes,no,No/Low,Male
3020,yes,no,No/Low,Male
3021,yes,no,No/Low,Male
3022,yes,no,No/Low,Male
3023,yes,no,No/Low,Male
3024,yes,no,No/Low,Male
3025,yes,no,No/Low,Male
3026,yes,no,No/Low,Male
3027,yes,no,No/Low,Male
3028,yes,no,No/Low,Male
3029,yes,no,No/Low,Male
3030,yes,no,No/Low,Male
3031,yes,no,No/Low,Male
3032,yes,no,No/Low,Male
3033,yes,no,No/Low,Male
3034,yes,no,No/Low,Male
3035,yes,no,No/Low,Male
3036,yes,no,No/Low,Male
3037,yes,no,No/Low,Male
3038,yes,no,No/Low,Male
3011,yes,no,Medium,Male
3012,yes,no,Medium,Male
3013,yes,no,Medium,Male
3014,yes,no,Medium,Male
3015,yes,no,Medium,Male
3016,yes,no,Medium,Male
3017,yes,no,Medium,Male
3018,yes,no,Medium,Male
3019,yes,no,Medium,Male
3020,yes,no,Medium,Male
3021,yes,no,Medium,Male
3022,yes,no,Medium,Male
3023,yes,no,Medium,Male
3024,yes,no,Medium,Male
3025,yes,no,Medium,Male
3026,yes,no,Medium,Male
3027,yes,no,Medium,Male
3028,yes,no,Medium,Male
3029,yes,no,Medium,Male
3030,yes,no,Medium,Male
3031,yes,no,Medium,Male
3032,yes,no,Medium,Male
3033,yes,no,Medium,Male
3034,yes,no,Medium,Male
3035,yes,no,Medium,Male
3036,yes,no,Medium,Male
3037,yes,no,Medium,Male
3038,yes,no,Medium,Male
3039,yes,no,Medium,Male
3040,yes,no,Medium,Male
3041,yes,no,Medium,Male
3042,yes,no,Medium,Male
3043,yes,no,Medium,Male
3044,yes,no,Medium,Male
3045,yes,no,Medium,Male
3046,yes,no,Medium,Male
3047,yes,no,Medium,Male
3048,yes,no,Medium,Male
3049,yes,no,Medium,Male
3050,yes,no,Medium,Male
3051,yes,no,Medium,Male
3052,yes,no,Medium,Male
3053,yes,no,Medium,Male
3054,yes,no,Medium,Male
3055,yes,no,Medium,Male
3056,yes,no,Medium,Male
3057,yes,no,Medium,Male
3058,yes,no,Medium,Male
3059,yes,no,Medium,Male
3060,yes,no,Medium,Male
3061,yes,no,Medium,Male
3062,yes,no,Medium,Male
3063,yes,no,Medium,Male
3064,yes,no,Medium,Male
3065,yes,no,Medium,Male
3066,yes,no,Medium,Male
3067,yes,no,Medium,Male
3068,yes,no,Medium,Male
3069,yes,no,Medium,Male
3070,yes,no,Medium,Male
3071,yes,no,Medium,Male
3072,yes,no,Medium,Male
3073,yes,no,Medium,Male
3074,yes,no,Medium,Male
3075,yes,no,Medium,Male
3076,yes,no,Medium,Male
3077,yes,no,Medium,Male
3078,yes,no,Medium,Male
3079,yes,no,Medium,Male
3080,yes,no,Medium,Male
3081,yes,no,Medium,Male
3082,yes,no,Medium,Male
3083,yes,no,Medium,Male
3084,yes,no,Medium,Male
3085,yes,no,Medium,Male
3086,yes,no,Medium,Male
3087,yes,no,Medium,Male
3088,yes,no,Medium,Male
3089,yes,no,Medium,Male
3090,yes,no,Medium,Male
3091,yes,no,Medium,Male
3092,yes,no,Medium,Male
3093,yes,no,Medium,Male
3094,yes,no,Medium,Male
3095,yes,no,Medium,Male
3096,yes,no,Medium,Male
3097,yes,no,Medium,Male
3098,yes,no,Medium,Male
3099,yes,no,Medium,Male
3100,yes,no,Medium,Male
3101,yes,no,Medium,Male
3102,yes,no,Medium,Male
3103,yes,no,Medium,Male
3104,yes,no,Medium,Male
3105,yes,no,Medium,Male
3106,yes,no,Medium,Male
3107,yes,no,Medium,Male
3108,yes,no,Medium,Male
3109,yes,no,Medium,Male
3110,yes,no,Medium,Male
3111,yes,no,Medium,Male
3112,yes,no,Medium,Male
3113,yes,no,Medium,Male
3114,yes,no,Medium,Male
3115,yes,no,Medium,Male
3116,yes,no,Medium,Male
3117,yes,no,Medium,Male
3118,yes,no,Medium,Male
3119,yes,no,Medium,Male
3120,yes,no,Medium,Male
3121,yes,no,Medium,Male
3122,yes,no,Medium,Male
3123,yes,no,Medium,Male
3124,yes,no,Medium,Male
3125,yes,no,Medium,Male
3126,yes,no,Medium,Male
3127,yes,no,Medium,Male
3128,yes,no,Medium,Male
3129,yes,no,Medium,Male
3130,yes,no,Medium,Male
3131,yes,no,Medium,Male
3132,yes,no,Medium,Male
3133,yes,no,Medium,Male
3134,yes,no,Medium,Male
3135,yes,no,Medium,Male
3136,yes,no,Medium,Male
3137,yes,no,Medium,Male
3138,yes,no,Medium,Male
3139,yes,no,Medium,Male
3140,yes,no,Medium,Male
3141,yes,no,Medium,Male
3142,yes,no,Medium,Male
3143,yes,no,Medium,Male
3144,yes,no,Medium,Male
3145,yes,no,Medium,Male
3146,yes,no,Medium,Male
3147,yes,no,Medium,Male
3148,yes,no,Medium,Male
3149,yes,no,Medium,Male
3150,yes,no,Medium,Male
3151,yes,no,Medium,Male
3152,yes,no,Medium,Male
3153,yes,no,Medium,Male
3154,yes,no,Medium,Male
3155,yes,no,Medium,Male
3156,yes,no,Medium,Male
3157,yes,no,Medium,Male
3158,yes,no,Medium,Male
3159,yes,no,Medium,Male
3160,yes,no,Medium,Male
3161,yes,no,Medium,Male
3162,yes,no,Medium,Male
3163,yes,no,Medium,Male
3164,yes,no,Medium,Male
3165,yes,no,Medium,Male
3166,yes,no,Medium,Male
3167,yes,no,Medium,Male
3168,yes,no,Medium,Male
3169,yes,no,Medium,Male
3203,yes,no,High,Male
3204,yes,no,High,Male
3205,yes,no,High,Male
3206,yes,no,High,Male
3207,yes,no,High,Male
3208,yes,no,High,Male
3209,yes,no,High,Male
3210,yes,no,High,Male
3211,yes,no,High,Male
3212,yes,no,High,Male
3213,yes,no,High,Male
3214,yes,no,High,Male
3215,yes,no,High,Male
3216,yes,no,High,Male
3217,yes,no,High,Male
3218,yes,no,High,Male
3219,yes,no,High,Male
3220,yes,no,High,Male
3221,yes,no,High,Male
3222,yes,no,High,Male
3223,yes,no,High,Male
3224,yes,no,High,Male
3225,yes,no,High,Male
3226,yes,no,High,Male
3227,yes,no,High,Male
3228,yes,no,High,Male
3229,yes,no,High,Male
3230,yes,no,High,Male
3231,yes,no,High,Male
3232,yes,no,High,Male
3233,yes,no,High,Male
3234,yes,no,High,Male
3235,yes,no,High,Male
3236,yes,no,High,Male
3237,yes,no,High,Male
3238,yes,no,High,Male
3239,yes,no,High,Male
3240,yes,no,High,Male
3241,yes,no,High,Male
3242,yes,no,High,Male
3243,yes,no,High,Male
3244,yes,no,High,Male
3245,yes,no,High,Male
3246,yes,no,High,Male
3247,yes,no,High,Male
3248,yes,no,High,Male
3249,yes,no,High,Male
3215,no,no,No/Low,Female
3216,no,no,No/Low,Female
3217,no,no,No/Low,Female
3218,no,no,No/Low,Female
3219,no,no,No/Low,Female
3220,no,no,No/Low,Female
3221,no,no,No/Low,Female
3222,no,no,No/Low,Female
3223,no,no,No/Low,Female
3224,no,no,No/Low,Female
3225,no,no,No/Low,Female
3226,no,no,No/Low,Female
3227,no,no,No/Low,Female
3228,no,no,No/Low,Female
3229,no,no,No/Low,Female
3230,no,no,No/Low,Female
3231,no,no,No/Low,Female
3232,no,no,No/Low,Female
3233,no,no,No/Low,Female
3234,no,no,No/Low,Female
3235,no,no,No/Low,Female
3236,no,no,No/Low,Female
3237,no,no,No/Low,Female
3238,no,no,No/Low,Female
3239,no,no,No/Low,Female
3240,no,no,No/Low,Female
3241,no,no,No/Low,Female
3242,no,no,No/Low,Female
3243,no,no,No/Low,Female
3244,no,no,No/Low,Female
3245,no,no,No/Low,Female
3246,no,no,No/Low,Female
3247,no,no,No/Low,Female
3248,no,no,No/Low,Female
3249,no,no,No/Low,Female
3250,no,no,No/Low,Female
3251,no,no,No/Low,Female
3252,no,no,No/Low,Female
3253,no,no,No/Low,Female
3254,no,no,No/Low,Female
3255,no,no,No/Low,Female
3256,no,no,No/Low,Female
3257,no,no,No/Low,Female
3258,no,no,No/Low,Female
3259,no,no,No/Low,Female
3260,no,no,No/Low,Female
3261,no,no,No/Low,Female
3262,no,no,No/Low,Female
3263,no,no,No/Low,Female
3264,no,no,No/Low,Female
3265,no,no,No/Low,Female
3266,no,no,No/Low,Female
3267,no,no,No/Low,Female
3268,no,no,No/Low,Female
3269,no,no,No/Low,Female
3270,no,no,No/Low,Female
3271,no,no,No/Low,Female
3272,no,no,No/Low,Female
3273,no,no,No/Low,Female
3274,no,no,No/Low,Female
3275,no,no,No/Low,Female
3276,no,no,No/Low,Female
3277,no,no,No/Low,Female
3278,no,no,No/Low,Female
3279,no,no,No/Low,Female
3280,no,no,No/Low,Female
3281,no,no,No/Low,Female
3282,no,no,No/Low,Female
3283,no,no,No/Low,Female
3284,no,no,No/Low,Female
3285,no,no,No/Low,Female
3286,no,no,No/Low,Female
3287,no,no,No/Low,Female
3288,no,no,No/Low,Female
3289,no,no,No/Low,Female
3290,no,no,No/Low,Female
3291,no,no,No/Low,Female
3292,no,no,No/Low,Female
3293,no,no,No/Low,Female
3294,no,no,No/Low,Female
3295,no,no,No/Low,Female
3296,no,no,No/Low,Female
3297,no,no,No/Low,Female
3298,no,no,No/Low,Female
3299,no,no,No/Low,Female
3300,no,no,No/Low,Female
3301,no,no,No/Low,Female
3302,no,no,No/Low,Female
3303,no,no,No/Low,Female
3304,no,no,No/Low,Female
3305,no,no,No/Low,Female
3306,no,no,No/Low,Female
3307,no,no,No/Low,Female
3308,no,no,No/Low,Female
3309,no,no,No/Low,Female
3310,no,no,No/Low,Female
3311,no,no,No/Low,Female
3312,no,no,No/Low,Female
3313,no,no,No/Low,Female
3314,no,no,No/Low,Female
3315,no,no,No/Low,Female
3316,no,no,No/Low,Female
3317,no,no,No/Low,Female
3318,no,no,No/Low,Female
3319,no,no,No/Low,Female
3320,no,no,No/Low,Female
3321,no,no,No/Low,Female
3322,no,no,No/Low,Female
3323,no,no,No/Low,Female
3324,no,no,No/Low,Female
3325,no,no,No/Low,Female
3326,no,no,No/Low,Female
3327,no,no,No/Low,Female
3328,no,no,No/Low,Female
3329,no,no,No/Low,Female
3330,no,no,No/Low,Female
3331,no,no,No/Low,Female
3332,no,no,No/Low,Female
3333,no,no,No/Low,Female
3334,no,no,No/Low,Female
3335,no,no,No/Low,Female
3336,no,no,No/Low,Female
3337,no,no,No/Low,Female
3338,no,no,No/Low,Female
3339,no,no,No/Low,Female
3340,no,no,No/Low,Female
3341,no,no,No/Low,Female
3342,no,no,No/Low,Female
3343,no,no,No/Low,Female
3344,no,no,No/Low,Female
3345,no,no,No/Low,Female
3346,no,no,No/Low,Female
3347,no,no,No/Low,Female
3348,no,no,No/Low,Female
3349,no,no,No/Low,Female
3350,no,no,No/Low,Female
3351,no,no,No/Low,Female
3352,no,no,No/Low,Female
3353,no,no,No/Low,Female
3354,no,no,No/Low,Female
3355,no,no,No/Low,Female
3356,no,no,No/Low,Female
3357,no,no,No/Low,Female
3358,no,no,No/Low,Female
3359,no,no,No/Low,Female
3360,no,no,No/Low,Female
3361,no,no,No/Low,Female
3362,no,no,No/Low,Female
3363,no,no,No/Low,Female
3364,no,no,No/Low,Female
3365,no,no,No/Low,Female
3366,no,no,No/Low,Female
3367,no,no,No/Low,Female
3368,no,no,No/Low,Female
3369,no,no,No/Low,Female
3370,no,no,No/Low,Female
3371,no,no,No/Low,Female
3372,no,no,No/Low,Female
3373,no,no,No/Low,Female
3374,no,no,No/Low,Female
3375,no,no,No/Low,Female
3376,no,no,No/Low,Female
3377,no,no,No/Low,Female
3378,no,no,No/Low,Female
3379,no,no,No/Low,Female
3380,no,no,No/Low,Female
3381,no,no,No/Low,Female
3382,no,no,No/Low,Female
3383,no,no,No/Low,Female
3384,no,no,No/Low,Female
3385,no,no,No/Low,Female
3386,no,no,No/Low,Female
3387,no,no,No/Low,Female
3388,no,no,No/Low,Female
3389,no,no,No/Low,Female
3390,no,no,No/Low,Female
3391,no,no,No/Low,Female
3392,no,no,No/Low,Female
3393,no,no,No/Low,Female
3394,no,no,No/Low,Female
3395,no,no,No/Low,Female
3396,no,no,No/Low,Female
3397,no,no,No/Low,Female
3398,no,no,No/Low,Female
3399,no,no,No/Low,Female
3400,no,no,No/Low,Female
3401,no,no,No/Low,Female
3402,no,no,No/Low,Female
3403,no,no,No/Low,Female
3404,no,no,No/Low,Female
3405,no,no,No/Low,Female
3406,no,no,No/Low,Female
3407,no,no,No/Low,Female
3408,no,no,No/Low,Female
3409,no,no,No/Low,Female
3410,no,no,No/Low,Female
3411,no,no,No/Low,Female
3412,no,no,No/Low,Female
3413,no,no,No/Low,Female
3414,no,no,No/Low,Female
3415,no,no,No/Low,Female
3416,no,no,No/Low,Female
3417,no,no,No/Low,Female
3418,no,no,No/Low,Female
3419,no,no,No/Low,Female
3420,no,no,No/Low,Female
3421,no,no,No/Low,Female
3422,no,no,No/Low,Female
3423,no,no,No/Low,Female
3424,no,no,No/Low,Female
3425,no,no,No/Low,Female
3426,no,no,No/Low,Female
3427,no,no,No/Low,Female
3428,no,no,No/Low,Female
3429,no,no,No/Low,Female
3430,no,no,No/Low,Female
3431,no,no,No/Low,Female
3432,no,no,No/Low,Female
3433,no,no,No/Low,Female
3434,no,no,No/Low,Female
3435,no,no,No/Low,Female
3436,no,no,No/Low,Female
3437,no,no,No/Low,Female
3438,no,no,No/Low,Female
3439,no,no,No/Low,Female
3440,no,no,No/Low,Female
3441,no,no,No/Low,Female
3442,no,no,No/Low,Female
3443,no,no,No/Low,Female
3444,no,no,No/Low,Female
3445,no,no,No/Low,Female
3446,no,no,No/Low,Female
3447,no,no,No/Low,Female
3448,no,no,No/Low,Female
3449,no,no,No/Low,Female
3450,no,no,No/Low,Female
3451,no,no,No/Low,Female
3452,no,no,No/Low,Female
3453,no,no,No/Low,Female
3454,no,no,No/Low,Female
3455,no,no,No/Low,Female
3456,no,no,No/Low,Female
3457,no,no,No/Low,Female
3458,no,no,No/Low,Female
3459,no,no,No/Low,Female
3460,no,no,No/Low,Female
3461,no,no,No/Low,Female
3462,no,no,No/Low,Female
3463,no,no,No/Low,Female
3464,no,no,No/Low,Female
3465,no,no,No/Low,Female
3466,no,no,No/Low,Female
3467,no,no,No/Low,Female
3468,no,no,No/Low,Female
3469,no,no,No/Low,Female
3470,no,no,No/Low,Female
3471,no,no,No/Low,Female
3472,no,no,No/Low,Female
3473,no,no,No/Low,Female
3474,no,no,No/Low,Female
3475,no,no,No/Low,Female
3476,no,no,No/Low,Female
3477,no,no,No/Low,Female
3478,no,no,No/Low,Female
3479,no,no,No/Low,Female
3480,no,no,No/Low,Female
3481,no,no,No/Low,Female
3482,no,no,No/Low,Female
3483,no,no,No/Low,Female
3484,no,no,No/Low,Female
3485,no,no,No/Low,Female
3486,no,no,No/Low,Female
3487,no,no,No/Low,Female
3488,no,no,No/Low,Female
3489,no,no,No/Low,Female
3490,no,no,No/Low,Female
3491,no,no,No/Low,Female
3492,no,no,No/Low,Female
3493,no,no,No/Low,Female
3494,no,no,No/Low,Female
3495,no,no,No/Low,Female
3496,no,no,No/Low,Female
3497,no,no,No/Low,Female
3498,no,no,No/Low,Female
3499,no,no,No/Low,Female
3500,no,no,No/Low,Female
3501,no,no,No/Low,Female
3502,no,no,No/Low,Female
3503,no,no,No/Low,Female
3504,no,no,No/Low,Female
3505,no,no,No/Low,Female
3506,no,no,No/Low,Female
3507,no,no,No/Low,Female
3508,no,no,No/Low,Female
3509,no,no,No/Low,Female
3510,no,no,No/Low,Female
3511,no,no,No/Low,Female
3512,no,no,No/Low,Female
3513,no,no,No/Low,Female
3514,no,no,No/Low,Female
3515,no,no,No/Low,Female
3516,no,no,No/Low,Female
3517,no,no,No/Low,Female
3518,no,no,No/Low,Female
3519,no,no,No/Low,Female
3520,no,no,No/Low,Female
3521,no,no,No/Low,Female
3303,no,no,No/Low,Female
3304,no,no,No/Low,Female
3305,no,no,No/Low,Female
3306,no,no,No/Low,Female
3307,no,no,No/Low,Female
3308,no,no,No/Low,Female
3309,no,no,No/Low,Female
3310,no,no,No/Low,Female
3340,no,no,No/Low,Male
3341,no,no,No/Low,Male
3342,no,no,No/Low,Male
3343,no,no,No/Low,Male
3344,no,no,No/Low,Male
3345,no,no,No/Low,Male
3346,no,no,No/Low,Male
3347,no,no,No/Low,Male
3348,no,no,No/Low,Male
3349,no,no,No/Low,Male
3350,no,no,No/Low,Male
3351,no,no,No/Low,Male
3352,no,no,No/Low,Male
3353,no,no,No/Low,Male
3354,no,no,No/Low,Male
3355,no,no,No/Low,Male
3356,no,no,No/Low,Male
3357,no,no,No/Low,Male
3358,no,no,No/Low,Male
3359,no,no,No/Low,Male
3360,no,no,No/Low,Male
3361,no,no,No/Low,Male
3362,no,no,No/Low,Male
3363,no,no,No/Low,Male
3364,no,no,No/Low,Male
3365,no,no,No/Low,Male
3366,no,no,No/Low,Male
3367,no,no,No/Low,Male
3368,no,no,No/Low,Male
3369,no,no,No/Low,Male
3370,no,no,No/Low,Male
3371,no,no,No/Low,Male
3372,no,no,No/Low,Male
3373,no,no,No/Low,Male
3374,no,no,No/Low,Male
3375,no,no,No/Low,Male
3376,no,no,No/Low,Male
3377,no,no,No/Low,Male
3378,no,no,No/Low,Male
3379,no,no,No/Low,Male
3380,no,no,No/Low,Male
3381,no,no,No/Low,Male
3382,no,no,No/Low,Male
3383,no,no,No/Low,Male
3384,no,no,No/Low,Male
3385,no,no,No/Low,Male
3386,no,no,No/Low,Male
3387,no,no,No/Low,Male
3388,no,no,No/Low,Male
3389,no,no,No/Low,Male
3390,no,no,No/Low,Male
3391,no,no,No/Low,Male
3392,no,no,No/Low,Male
3393,no,no,No/Low,Male
3394,no,no,No/Low,Male
3395,no,no,No/Low,Male
3396,no,no,No/Low,Male
3397,no,no,No/Low,Male
3398,no,no,No/Low,Male
3399,no,no,No/Low,Male
3400,no,no,No/Low,Male
3401,no,no,No/Low,Male
3402,no,no,No/Low,Male
3403,no,no,No/Low,Male
3404,no,no,No/Low,Male
3405,no,no,No/Low,Male
3406,no,no,No/Low,Male
3407,no,no,No/Low,Male
3408,no,no,No/Low,Male
3409,no,no,No/Low,Male
3410,no,no,No/Low,Male
3411,no,no,No/Low,Male
3412,no,no,No/Low,Male
3413,no,no,No/Low,Male
3414,no,no,No/Low,Male
3415,no,no,No/Low,Male
3416,no,no,No/Low,Male
3417,no,no,No/Low,Male
3418,no,no,No/Low,Male
3419,no,no,No/Low,Male
3420,no,no,No/Low,Male
3421,no,no,No/Low,Male
3422,no,no,No/Low,Male
3423,no,no,No/Low,Male
3424,no,no,No/Low,Male
3425,no,no,No/Low,Male
3426,no,no,No/Low,Male
3427,no,no,No/Low,Male
3428,no,no,No/Low,Male
3429,no,no,No/Low,Male
3430,no,no,No/Low,Male
3431,no,no,No/Low,Male
3432,no,no,No/Low,Male
3433,no,no,No/Low,Male
3434,no,no,No/Low,Male
3435,no,no,No/Low,Male
3436,no,no,No/Low,Male
3437,no,no,No/Low,Male
3438,no,no,No/Low,Male
3439,no,no,No/Low,Male
3440,no,no,No/Low,Male
3441,no,no,No/Low,Male
3442,no,no,No/Low,Male
3443,no,no,No/Low,Male
3444,no,no,No/Low,Male
3445,no,no,No/Low,Male
3446,no,no,No/Low,Male
3447,no,no,No/Low,Male
3448,no,no,No/Low,Male
3449,no,no,No/Low,Male
3450,no,no,No/Low,Male
3451,no,no,No/Low,Male
3452,no,no,No/Low,Male
3453,no,no,No/Low,Male
3454,no,no,No/Low,Male
3455,no,no,No/Low,Male
3456,no,no,No/Low,Male
3457,no,no,No/Low,Male
3458,no,no,No/Low,Male
3459,no,no,No/Low,Male
3460,no,no,No/Low,Male
3461,no,no,No/Low,Male
3462,no,no,No/Low,Male
3463,no,no,No/Low,Male
3464,no,no,No/Low,Male
3465,no,no,No/Low,Male
3466,no,no,No/Low,Male
3467,no,no,No/Low,Male
3468,no,no,No/Low,Male
3469,no,no,No/Low,Male
3470,no,no,No/Low,Male
3471,no,no,No/Low,Male
3472,no,no,No/Low,Male
3473,no,no,No/Low,Male
3474,no,no,No/Low,Male
3475,no,no,No/Low,Male
3476,no,no,No/Low,Male
3477,no,no,No/Low,Male
3478,no,no,No/Low,Male
3479,no,no,No/Low,Male
3480,no,no,No/Low,Male
3481,no,no,No/Low,Male
3482,no,no,No/Low,Male
3483,no,no,No/Low,Male
3484,no,no,No/Low,Male
3485,no,no,No/Low,Male
3486,no,no,No/Low,Male
3487,no,no,No/Low,Male
3488,no,no,No/Low,Male
3489,no,no,No/Low,Male
3490,no,no,No/Low,Male
3491,no,no,No/Low,Male
3492,no,no,No/Low,Male
3493,no,no,No/Low,Male
3494,no,no,No/Low,Male
3495,no,no,No/Low,Male
3496,no,no,No/Low,Male
3497,no,no,No/Low,Male
3498,no,no,No/Low,Male
3499,no,no,No/Low,Male
3500,no,no,No/Low,Male
3501,no,no,No/Low,Male
3502,no,no,No/Low,Male
3503,no,no,No/Low,Male
3504,no,no,No/Low,Male
3505,no,no,No/Low,Male
3506,no,no,No/Low,Male
3507,no,no,No/Low,Male
3508,no,no,No/Low,Male
3509,no,no,No/Low,Male
3510,no,no,No/Low,Male
3511,no,no,No/Low,Male
3512,no,no,No/Low,Male
3513,no,no,No/Low,Male
3514,no,no,No/Low,Male
3515,no,no,No/Low,Male
3516,no,no,No/Low,Male
3517,no,no,No/Low,Male
3518,no,no,No/Low,Male
3519,no,no,No/Low,Male
3520,no,no,No/Low,Male
3521,no,no,No/Low,Male
3522,no,no,No/Low,Male
3523,no,no,No/Low,Male
3524,no,no,No/Low,Male
3525,no,no,No/Low,Male
3526,no,no,No/Low,Male
3527,no,no,No/Low,Male
3528,no,no,No/Low,Male
3529,no,no,No/Low,Male
3530,no,no,No/Low,Male
3531,no,no,No/Low,Male
3532,no,no,No/Low,Male
3533,no,no,No/Low,Male
3534,no,no,No/Low,Male
3535,no,no,No/Low,Male
3536,no,no,No/Low,Male
3537,no,no,No/Low,Male
3538,no,no,No/Low,Male
3539,no,no,No/Low,Male
3540,no,no,No/Low,Male
3541,no,no,No/Low,Male
3542,no,no,No/Low,Male
3543,no,no,No/Low,Male
3544,no,no,No/Low,Male
3450,no,no,Medium,Male
3451,no,no,Medium,Male
3452,no,no,Medium,Male
3453,no,no,Medium,Male
3454,no,no,Medium,Male
3455,no,no,Medium,Male
3456,no,no,Medium,Male
3457,no,no,Medium,Male
3458,no,no,Medium,Male
3459,no,no,Medium,Male
3460,no,no,Medium,Male
3461,no,no,Medium,Male
3462,no,no,Medium,Male
3463,no,no,Medium,Male
3464,no,no,Medium,Male
3465,no,no,Medium,Male
3466,no,no,Medium,Male
3467,no,no,Medium,Male
3468,no,no,Medium,Male
3469,no,no,Medium,Male
3470,no,no,Medium,Male
3471,no,no,Medium,Male
3472,no,no,Medium,Male
3523,no,yes,No/Low,Female
3524,no,yes,No/Low,Female
3525,no,yes,No/Low,Female
3526,no,yes,No/Low,Female
3527,no,yes,No/Low,Female
3528,no,yes,No/Low,Female
3529,no,yes,No/Low,Female
3530,no,yes,No/Low,Female
3531,no,yes,No/Low,Female
3532,no,yes,No/Low,Female
3533,no,yes,No/Low,Female
3534,no,yes,No/Low,Female
3535,no,yes,No/Low,Female
3536,no,yes,No/Low,Female
3537,no,yes,No/Low,Female
3538,no,yes,No/Low,Female
3539,no,yes,No/Low,Female
3540,no,yes,No/Low,Female
3541,no,yes,No/Low,Female
3542,no,yes,No/Low,Female
3543,no,yes,No/Low,Female
3544,no,yes,No/Low,Female
3545,no,yes,No/Low,Female
3546,no,yes,No/Low,Female
3547,no,yes,No/Low,Female
3548,no,yes,No/Low,Female
3549,no,yes,No/Low,Female
3550,no,yes,No/Low,Female
3551,no,yes,No/Low,Female
3552,no,yes,No/Low,Female
3553,no,yes,No/Low,Female
3554,no,yes,No/Low,Female
3555,no,yes,No/Low,Female
3556,no,yes,No/Low,Female
3557,no,yes,No/Low,Female
3558,no,yes,No/Low,Female
3559,no,yes,No/Low,Female
3560,no,yes,No/Low,Female
3561,no,yes,No/Low,Female
3562,no,yes,No/Low,Female
3563,no,yes,No/Low,Female
3564,no,yes,No/Low,Female
3565,no,yes,No/Low,Female
3566,no,yes,No/Low,Female
3567,no,yes,No/Low,Female
3568,no,yes,No/Low,Female
3569,no,yes,No/Low,Female
3570,no,yes,No/Low,Female
3571,no,yes,No/Low,Female
3572,no,yes,No/Low,Female
3573,no,yes,No/Low,Female
3574,no,yes,No/Low,Female
3575,no,yes,No/Low,Female
3576,no,yes,No/Low,Female
3577,no,yes,No/Low,Female
3578,no,yes,No/Low,Female
3579,no,yes,No/Low,Female
3580,no,yes,No/Low,Female
3581,no,yes,No/Low,Female
3582,no,yes,No/Low,Female
3583,no,yes,No/Low,Female
3584,no,yes,No/Low,Female
3585,no,yes,No/Low,Female
3586,no,yes,No/Low,Female
3587,no,yes,No/Low,Female
3588,no,yes,No/Low,Female
3589,no,yes,No/Low,Female
3590,no,yes,No/Low,Female
3591,no,yes,No/Low,Female
3592,no,yes,No/Low,Female
3593,no,yes,No/Low,Female
3594,no,yes,No/Low,Female
3595,no,yes,No/Low,Female
3596,no,yes,No/Low,Female
3597,no,yes,No/Low,Female
3598,no,yes,No/Low,Female
3599,no,yes,No/Low,Female
3600,no,yes,No/Low,Female
3730,no,yes,Medium,Female
3731,no,yes,Medium,Female
3732,no,yes,Medium,Female
3733,no,yes,Medium,Female
3734,no,yes,Medium,Female
3735,no,yes,Medium,Female
3736,no,yes,Medium,Female
3737,no,yes,Medium,Female
3738,no,yes,Medium,Female
3739,no,yes,Medium,Female
3740,no,yes,Medium,Female
3741,no,yes,Medium,Female
3742,no,yes,Medium,Female
3743,no,yes,Medium,Female
3744,no,yes,Medium,Female
3745,no,yes,Medium,Female
3746,no,yes,Medium,Female
3747,no,yes,Medium,Female
3748,no,yes,Medium,Female
3749,no,yes,Medium,Female
3750,no,yes,Medium,Female
3751,no,yes,Medium,Female
3752,no,yes,Medium,Female
3753,no,yes,Medium,Female
3754,no,yes,Medium,Female
3755,no,yes,Medium,Female
3756,no,yes,Medium,Female
3757,no,yes,Medium,Female
3758,no,yes,Medium,Female
3759,no,yes,Medium,Female
3760,no,yes,Medium,Female
3761,no,yes,Medium,Female
3762,no,yes,Medium,Female
3763,no,yes,Medium,Female
3764,no,yes,Medium,Female
3765,no,yes,Medium,Female
3766,no,yes,Medium,Female
3767,no,yes,Medium,Female
3768,no,yes,Medium,Female
3769,no,yes,Medium,Female
3770,no,yes,Medium,Female
3771,no,yes,Medium,Female
3772,no,yes,Medium,Female
3773,no,yes,Medium,Female
3774,no,yes,Medium,Female
3775,no,yes,Medium,Female
3776,no,yes,Medium,Female
3777,no,yes,Medium,Female
3778,no,yes,Medium,Female
3779,no,yes,Medium,Female
3780,no,yes,Medium,Female
3781,no,yes,Medium,Female
3782,no,yes,Medium,Female
3783,no,yes,Medium,Female
3784,no,yes,Medium,Female
3785,no,yes,Medium,Female
3786,no,yes,Medium,Female
3787,no,yes,Medium,Female
3788,no,yes,Medium,Female
3789,no,yes,Medium,Female
3790,no,yes,Medium,Female
3791,no,yes,Medium,Female
3792,no,yes,Medium,Female
3793,no,yes,Medium,Female
3794,no,yes,Medium,Female
3851,no,yes,High,Female
3852,no,yes,High,Female
3853,no,yes,High,Female
3854,no,yes,High,Female
3855,no,yes,High,Female
3856,no,yes,High,Female
3857,no,yes,High,Female
3858,no,yes,High,Female
3859,no,yes,High,Female
3860,no,yes,High,Female
3861,no,yes,High,Female
3862,no,yes,High,Female
3863,no,yes,High,Female
3864,no,yes,High,Female
3865,no,yes,High,Female
3866,no,yes,High,Female
3867,no,yes,High,Female
3868,no,yes,High,Female
3869,no,yes,High,Female
3870,no,yes,High,Female
3871,no,yes,High,Female
3872,no,yes,High,Female
3873,no,yes,High,Female
3874,no,yes,High,Female
3875,no,yes,High,Female
3876,no,yes,High,Female
3877,no,yes,High,Female
3878,no,yes,High,Female
3879,no,yes,High,Female
4001,no,yes,No/Low,Male
4002,no,yes,No/Low,Male
4003,no,yes,No/Low,Male
4004,no,yes,No/Low,Male
4005,no,yes,No/Low,Male
4006,no,yes,No/Low,Male
4007,no,yes,No/Low,Male
4008,no,yes,No/Low,Male
4009,no,yes,No/Low,Male
4010,no,yes,No/Low,Male
4011,no,yes,No/Low,Male
4012,no,yes,No/Low,Male
4013,no,yes,No/Low,Male
4014,no,yes,No/Low,Male
4015,no,yes,No/Low,Male
4016,no,yes,No/Low,Male
4017,no,yes,No/Low,Male
4018,no,yes,No/Low,Male
4019,no,yes,No/Low,Male
4020,no,yes,No/Low,Male
4021,no,yes,No/Low,Male
4022,no,yes,No/Low,Male
4023,no,yes,No/Low,Male
4024,no,yes,No/Low,Male
4025,no,yes,No/Low,Male
4026,no,yes,No/Low,Male
4027,no,yes,No/Low,Male
4028,no,yes,No/Low,Male
4029,no,yes,No/Low,Male
4030,no,yes,No/Low,Male
4031,no,yes,No/Low,Male
4032,no,yes,No/Low,Male
4033,no,yes,No/Low,Male
4034,no,yes,No/Low,Male
4035,no,yes,No/Low,Male
4036,no,yes,No/Low,Male
4037,no,yes,No/Low,Male
4038,no,yes,No/Low,Male
4039,no,yes,No/Low,Male
4040,no,yes,No/Low,Male
4041,no,yes,No/Low,Male
4042,no,yes,No/Low,Male
4043,no,yes,No/Low,Male
4044,no,yes,No/Low,Male
4045,no,yes,No/Low,Male
4046,no,yes,No/Low,Male
4047,no,yes,No/Low,Male
4048,no,yes,No/Low,Male
4049,no,yes,No/Low,Male
4050,no,yes,No/Low,Male
4051,no,yes,No/Low,Male
4052,no,yes,No/Low,Male
4053,no,yes,No/Low,Male
4223,no,yes,Medium,Male
4224,no,yes,Medium,Male
4225,no,yes,Medium,Male
4226,no,yes,Medium,Male
4227,no,yes,Medium,Male
4228,no,yes,Medium,Male
4229,no,yes,Medium,Male
4230,no,yes,Medium,Male
4231,no,yes,Medium,Male
4232,no,yes,Medium,Male
4233,no,yes,Medium,Male
4234,no,yes,Medium,Male
4235,no,yes,Medium,Male
4236,no,yes,Medium,Male
4237,no,yes,Medium,Male
4238,no,yes,Medium,Male
4239,no,yes,Medium,Male
4240,no,yes,Medium,Male
4241,no,yes,Medium,Male
4242,no,yes,Medium,Male
4243,no,yes,Medium,Male
4244,no,yes,Medium,Male
4245,no,yes,Medium,Male
4246,no,yes,Medium,Male
4247,no,yes,Medium,Male
4248,no,yes,Medium,Male
4249,no,yes,Medium,Male
4250,no,yes,Medium,Male
4251,no,yes,Medium,Male
4252,no,yes,Medium,Male
4253,no,yes,Medium,Male
4254,no,yes,Medium,Male
4255,no,yes,Medium,Male
4256,no,yes,Medium,Male
4257,no,yes,Medium,Male
4258,no,yes,Medium,Male
4259,no,yes,Medium,Male
4260,no,yes,Medium,Male
4261,no,yes,Medium,Male
4262,no,yes,Medium,Male
4263,no,yes,Medium,Male
4264,no,yes,Medium,Male
4265,no,yes,Medium,Male
4266,no,yes,Medium,Male
4267,no,yes,Medium,Male
4268,no,yes,Medium,Male
4269,no,yes,Medium,Male
4270,no,yes,Medium,Male
4271,no,yes,Medium,Male
4272,no,yes,Medium,Male
4273,no,yes,Medium,Male
4274,no,yes,Medium,Male
4275,no,yes,Medium,Male
4276,no,yes,Medium,Male
4277,no,yes,Medium,Male
4278,no,yes,Medium,Male
4279,no,yes,Medium,Male
4280,no,yes,Medium,Male
4281,no,yes,Medium,Male
4282,no,yes,Medium,Male
4283,no,yes,Medium,Male
4284,no,yes,Medium,Male
4285,no,yes,Medium,Male
4286,no,yes,Medium,Male
4287,no,yes,Medium,Male
4288,no,yes,Medium,Male
4289,no,yes,Medium,Male
4290,no,yes,Medium,Male
4291,no,yes,Medium,Male
4292,no,yes,Medium,Male
4293,no,yes,Medium,Male
4294,no,yes,Medium,Male
4295,no,yes,Medium,Male
4296,no,yes,Medium,Male
4297,no,yes,Medium,Male
4298,no,yes,Medium,Male
4299,no,yes,Medium,Male
4300,no,yes,Medium,Male
4301,no,yes,Medium,Male
4302,no,yes,Medium,Male
4303,no,yes,Medium,Male
4304,no,yes,Medium,Male
4305,no,yes,Medium,Male
4306,no,yes,Medium,Male
4307,no,yes,Medium,Male
4308,no,yes,Medium,Male
4309,no,yes,Medium,Male
4310,no,yes,Medium,Male
4311,no,yes,Medium,Male
4312,no,yes,Medium,Male
4313,no,yes,Medium,Male
4314,no,yes,Medium,Male
4315,no,yes,Medium,Male
4316,no,yes,Medium,Male
4317,no,yes,Medium,Male
4318,no,yes,Medium,Male
4319,no,yes,Medium,Male
4403,no,yes,High,Male
4404,no,yes,High,Male
4405,no,yes,High,Male
4406,no,yes,High,Male
4407,no,yes,High,Male
4408,no,yes,High,Male
4409,no,yes,High,Male
4410,no,yes,High,Male
4411,no,yes,High,Male
4412,no,yes,High,Male
4413,no,yes,High,Male
4414,no,yes,High,Male
4415,no,yes,High,Male
4416,no,yes,High,Male
4417,no,yes,High,Male
4418,no,yes,High,Male
4419,no,yes,High,Male
4420,no,yes,High,Male
4421,no,yes,High,Male
4422,no,yes,High,Male
4423,no,yes,High,Male
4424,no,yes,High,Male
4425,no,yes,High,Male
4426,no,yes,High,Male
4427,no,yes,High,Male
4428,no,yes,High,Male
4429,no,yes,High,Male
4430,no,yes,High,Male
4431,no,yes,High,Male
4432,no,yes,High,Male
4433,no,yes,High,Male
4434,no,yes,High,Male
4435,no,yes,High,Male
4436,no,yes,High,Male
4437,no,yes,High,Male
4438,no,yes,High,Male
4439,no,yes,High,Male
4440,no,yes,High,Male
4441,no,yes,High,Male
4442,no,yes,High,Male
4443,no,yes,High,Male
4444,no,yes,High,Male
4445,no,yes,High,Male
4446,no,yes,High,Male
4447,no,yes,High,Male
